project,developer,reason,source
Address Residences At Dubai Hills Estate,Emaar,duplicate of another announcement by the same developer (kept: Address Residences At Dubai Creek Harbour),p
Anantara Sharjah Residences,Arada,duplicate of another announcement by the same developer (kept: Anantara Sharjah Residences),s
Expo Golf Villas Phase Iv,Emaar,duplicate of another announcement by the same developer (kept: Expo Golf Villas Phase Iii),p
Expo Golf Villas Phase V,Emaar,duplicate of another announcement by the same developer (kept: Expo Golf Villas Phase Iii),p
Four Seasons Private Residences Dubai at Jumeirah,H&H,duplicate of another announcement by the same developer (kept: Four Seasons Private Residences Dubai At Difc),p
Imtiaz,Imtiaz,"the developer's own name (a sheet total or a page title), not a project",s
JUMEIRAH AL NASEEM MADINAT JUMEIRAH PHASE 4,H&H,"malformed name or page slug, not a project name",p
Le Chateau,Beyond,duplicate of another announcement by the same developer (kept: Le Chateau by Beyond),s
Palace Residences At Dubai Hills Estate,Emaar,duplicate of another announcement by the same developer (kept: Palace Residences),p
Sera 1 At Rashid Yachts Marinasera 1 At Rashid Yachts And Marina,Emaar,"malformed name or page slug, not a project name",p
Siniya Marina Residences - Sobha Siniya Island,Sobha,"malformed name or page slug, not a project name",p
Sobha Elwood,Sobha,duplicate of another announcement by the same developer (kept: Sobha Elwood),p
Sobha Hartland,Sobha,"the name of a community or area, not a project",p
Sobha Orbis,Sobha,duplicate of another announcement by the same developer (kept: Sobha Orbis),p
Sobha SeaHaven,Sobha,duplicate of another announcement by the same developer (kept: Sobha SeaHaven),p
Sobha Solis,Sobha,duplicate of another announcement by the same developer (kept: Sobha Solis),p
Srresidencesdubai,Emaar,"malformed name or page slug, not a project name",p
The Alba,OMNIYAT,duplicate of another announcement by the same developer (kept: The Alba),p
The Residences at Marina Gate II,Select Group,duplicate of another announcement by the same developer (kept: The Residences at Marina Gate I),p
The S,Sobha,duplicate of another announcement by the same developer (kept: The S),p
