project,developer,rule,register_key,register_name,source
10 Oxford by Iman,Iman,M1 exact name + same developer,PN2837,10 OXFORD by IMAN,p
113 Residences,Iman,M1 exact name + same developer,PN4503,113 RESIDENCES,p
15 Cascade,Iman,M1 exact name + same developer,PN3528,15 CASCADE,p
15 Northside,Select Group,M1 exact name + same developer,PN2214,15 Northside,p
17 Icon Bay,Emaar,M1 exact name + same developer,PN1921,17 ICON BAY,p
310 Riverside Crescent,Sobha,M1 exact name + same developer,PN3067,310 Riverside Crescent,p
320 Riverside Crescent,Sobha,M1 exact name + same developer,PN3088,320 Riverside Crescent,p
330 Riverside Crescent,Sobha,M1 exact name + same developer,PN2788,330 Riverside Crescent,p
340 Riverside Crescent,Sobha,M1 exact name + same developer,PN3082,340 Riverside Crescent,p
350 Riverside Crescent,Sobha,M1 exact name + same developer,PN3083,350 Riverside Crescent,p
360 Riverside Crescent,Sobha,M1 exact name + same developer,PN3079,360 Riverside Crescent,p
52 42,Emaar,M1 exact name + same developer,PN1747,5242,p
Act One Act Two,Emaar,M1 exact name + same developer,PN1773,ACT ONE | ACT TWO,p
Akala Hotels And Residences,Arada,M1 exact name + same developer,PN3745,Akala Hotels and Residences,s
Arancia Yards 2 By Beyond,Beyond,M1 exact name + same developer,PN4529,Arancia Yards 2 By Beyond,s
Arancia Yards by Beyond,BEYOND,M1 exact name + same developer,PN4480,Arancia Yards By Beyond,p
Arbor View,Ellington,M1 exact name + same developer,PN2814,ARBOR VIEW,p
Aria by Beyond,BEYOND,M1 exact name + same developer,PN2726,Aria By Beyond,p
Artistry One Residences,Select,M1 exact name + same developer,PN4259,Artistry One Residences,s
Artistry One Residences,Select Group,M1 exact name + same developer,PN4259,Artistry One Residences,p
Artistry Two Residences,Select,M1 exact name + same developer,PN4261,Artistry Two Residences,s
Artistry Two Residences,Select Group,M1 exact name + same developer,PN4261,Artistry Two Residences,p
Aseel,Emaar,M1 exact name + same developer,PN1519,ASEEL,p
Beach Isle,Emaar,M1 exact name + same developer,PN2207,BEACH ISLE,p
Beach Mansion,Emaar,M1 exact name + same developer,PN2286,Beach Mansion,p
Beach Vista,Emaar,M1 exact name + same developer,PN2015,BEACH VISTA,p
Beach Walk Grand 2 by Imtiaz,Imtiaz,M1 exact name + same developer,PN3724,BEACH WALK GRAND 2 BY IMTIAZ,p
Beach Walk Grand by Imtiaz,Imtiaz,M1 exact name + same developer,PN3367,Beach Walk Grand By Imtiaz,p
Beachgate By Address,Emaar,M1 exact name + same developer,PN2430,Beachgate by Address,p
Belgravia,Ellington,M1 exact name + same developer,PN1713,BELGRAVIA,p
Belgravia Gardens,Ellington,M1 exact name + same developer,PN3512,BELGRAVIA GARDENS,p
Belgravia Heights I,Ellington,M1 exact name + same developer,PN2011,BELGRAVIA HEIGHTS I,p
Belgravia Heights II,Ellington,M1 exact name + same developer,PN2064,BELGRAVIA HEIGHTS II,p
Belgravia III,Ellington,M1 exact name + same developer,PN1922,BELGRAVIA III,p
Belmont Residences,Ellington,M1 exact name + same developer,PN2639,BELMONT RESIDENCES,p
Belmore Residences,Ellington,M1 exact name + same developer,PN4033,BELMORE RESIDENCES,p
Berkeley Place,Ellington,M1 exact name + same developer,PN2417,BERKELEY PLACE,p
Binghatti Amberhall,Binghatti,M2 the source's own binding to a register name,PN3552,Binghatti Amberhall,s
Binghatti Aquarise,Binghatti,M1 exact name + same developer,PN3585,Binghatti Aquarise,s
Binghatti Circle,Binghatti,M2 the source's own binding to a register name,PN3819,Binghatti Circle,s
Binghatti Cullinan,Binghatti,M2 the source's own binding to a register name,PN4247,Binghatti Cullinan,s
Binghatti Elite,Binghatti,M2 the source's own binding to a register name,PN3341,Binghatti Elite,s
Binghatti Etherea,Binghatti,M1 exact name + same developer,PN4303,Binghatti Etherea,s
Binghatti Flare 01,Binghatti,M2 the source's own binding to a register name,PN4006,Binghatti Flare 01,s
Binghatti Flare 02,Binghatti,M2 the source's own binding to a register name,PN4008,Binghatti Flare 02,s
Binghatti Ghost,Binghatti,M2 the source's own binding to a register name,PN3192,Binghatti Ghost,s
Binghatti Grove,Binghatti,M1 exact name + same developer,PN3314,Binghatti Grove,s
Binghatti Haven,Binghatti,M2 the source's own binding to a register name,PN3442,Binghatti Haven,s
Binghatti Hillcrest,Binghatti,M2 the source's own binding to a register name,PN4105,Binghatti Hillcrest,s
Binghatti Hillside,Binghatti,M2 the source's own binding to a register name,PN3481,Binghatti Hillside,s
Binghatti Ivory,Binghatti,M1 exact name + same developer,PN3264,Binghatti Ivory,s
Binghatti Luxuria,Binghatti,M1 exact name + same developer,PN4299,Binghatti Luxuria,s
Binghatti Moonlight,Binghatti,M1 exact name + same developer,PN3722,Binghatti Moonlight,s
Binghatti Phantom,Binghatti,M1 exact name + same developer,PN2958,Binghatti Phantom,s
Binghatti Pinnacle,Binghatti,M1 exact name + same developer,PN3256,Binghatti Pinnacle,s
Binghatti Royale,Binghatti,M2 the source's own binding to a register name,PN2961,Binghatti Royale,s
Binghatti Ruby,Binghatti,M2 the source's own binding to a register name,PN3529,Azizi Ruby,s
Binghatti Skyflame 1,Binghatti,M1 exact name + same developer,PN4393,Binghatti Skyflame 1,s
Binghatti Skyflame 2,Binghatti,M1 exact name + same developer,PN4399,Binghatti Skyflame 2,s
Binghatti Skyterraces,Binghatti,M1 exact name + same developer,PN4327,Binghatti Skyterraces,s
Binghatti Spectre,Binghatti,M1 exact name + same developer,PN4370,Binghatti Spectre,s
Binghatti Starlight,Binghatti,M2 the source's own binding to a register name,PN3195,Binghatti Starlight,s
Binghatti Twilight,Binghatti,M1 exact name + same developer,PN3397,Binghatti Twilight,s
Bluewaters Bay,Meraas,M1 exact name + same developer,PN2530,Bluewaters Bay,p
Bluewaters Residences,Meraas,M1 exact name + same developer,PN1795,Bluewaters Residences,p
Blvd Crescent,Emaar,M1 exact name + same developer,PN1494,BLVD CRESCENT,p
Boulevard Point,Emaar,M1 exact name + same developer,PN1405,Boulevard Point,p
Bulgari Ocean Mansions,Meraas,M1 exact name + same developer,PN2331,Bulgari Ocean Mansions,p
Burj Crown,Emaar,M1 exact name + same developer,PN2201,Burj Crown,p
Cotier House 2 by Imtiaz,Imtiaz,M1 exact name + same developer,PN3671,Cotier House 2 By Imtiaz,p
Cove Boulevard by Imtiaz,Imtiaz,M1 exact name + same developer,PN3675,Cove Boulevard By Imtiaz,p
Cove Boulevard By Imtiaz,Imtiaz,M1 exact name + same developer,PN3675,Cove Boulevard By Imtiaz,s
Cove Edition Residence 2 By Imtiaz,Imtiaz,M1 exact name + same developer,PN3286,Cove Edition Residence 2 By Imtiaz,s
Creek Crescent,Emaar,M1 exact name + same developer,PN2188,CREEK CRESCENT,p
Creek Edge,Emaar,M1 exact name + same developer,PN2083,CREEK EDGE,p
Creek Gate,Emaar,M1 exact name + same developer,PN1813,Creek Gate,p
Creek Horizon,Emaar,M1 exact name + same developer,PN1772,CREEK HORIZON,p
Creek Rise,Emaar,M1 exact name + same developer,PN1850,CREEK RISE,p
Creekside 18,Emaar,M1 exact name + same developer,PN1663,CREEKSIDE 18,p
Downtown Views Ii,Emaar,M1 exact name + same developer,PN1849,Downtown Views II,p
DT1,Ellington,M1 exact name + same developer,PN1797,DT 1,p
Eaton Place,Ellington,M1 exact name + same developer,PN1871,EATON PLACE,p
Ellington Beach House,Ellington,M1 exact name + same developer,PN2437,ELLINGTON BEACH HOUSE,p
Eltiera Views,Ellington,M1 exact name + same developer,PN4116,ELTIERA VIEWS,p
Elvira,Emaar,M1 exact name + same developer,PN2536,Elvira,p
ENRE Residence by Imtiaz,Imtiaz,M1 exact name + same developer,PN4336,ENRE RESIDENCE BY IMTIAZ,p
Fairway Villas,Emaar,M1 exact name + same developer,PN2519,Fairway Villas,p
Fairway Villas 2,Emaar,M1 exact name + same developer,PN2604,Fairway Villas 2,p
Fairway Villas 3,Emaar,M1 exact name + same developer,PN2963,Fairway Villas 3,p
Forte,Emaar,M1 exact name + same developer,PN1660,FORTE,p
Golf Grand,Emaar,M1 exact name + same developer,PN2599,Golf Grand,p
Golf Links,Emaar,M1 exact name + same developer,PN1900,GOLF LINKS,p
Golf Views,Emaar,M1 exact name + same developer,PN1862,Golf Views,p
HADO by Beyond,BEYOND,M1 exact name + same developer,PN4210,Hado By Beyond,p
Hado Tower A,Beyond,M2 the source's own binding to a register name,PN4210,Hado By Beyond,s
Hado Tower B,Beyond,M2 the source's own binding to a register name,PN4210,Hado By Beyond,s
Hado Tower C,Beyond,M2 the source's own binding to a register name,PN4210,Hado By Beyond,s
Harbour Gate,Emaar,M1 exact name + same developer,PN1818,Harbour Gate,p
Harbour Views,Emaar,M1 exact name + same developer,PN1710,HARBOUR VIEWS,p
Harrington House,Ellington,M1 exact name + same developer,PN2277,HARRINGTON HOUSE,p
Hatimi Residences,Fakhruddin,M2 the source's own binding to a register name,PN2981,HATIMI RESIDENCES BY FAKHRUDDIN,s
Hills Park,Emaar,M1 exact name + same developer,PN2428,Hills Park,p
Il Primo,Emaar,M1 exact name + same developer,PN1757,Il PRIMO,p
Imtiaz Symphony Tower,Imtiaz,M1 exact name + same developer,PN4193,IMTIAZ SYMPHONY TOWER,s
Inaura Hotels & Residences,Arada,M2 the source's own binding to a register name,PN4226,Inaura Hotels & Residences,s
Jouri Hills,Arada,M1 exact name + same developer,PN2506,Jouri Hills,p
Jumeirah Asora Bay,Meraas,M1 exact name + same developer,PN3445,Jumeirah Asora Bay,p
Jumeirah Living Business Bay,Select Group,M1 exact name + same developer,PN2436,Jumeirah Living Business Bay,p
Jumeirah Living Marina Gate,Select Group,M1 exact name + same developer,PN1743,JUMEIRAH LIVING MARINA GATE,p
Kanyon,Beyond,M2 the source's own binding to a register name,PN4050,Kanyon By Beyond,s
Kanyon by Beyond,BEYOND,M1 exact name + same developer,PN4050,Kanyon By Beyond,p
Kensington Waters,Ellington,M1 exact name + same developer,PN2300,KENSINGTON WATERS,p
Maimoon Gardens,Fakhruddin,M1 exact name + same developer,PN2412,Maimoon Gardens,s
Marina Shores,Emaar,M1 exact name + same developer,PN2425,MARINA SHORES,p
Marina Vista,Emaar,M1 exact name + same developer,PN2094,MARINA VISTA,p
Maybach Ultimate Luxury,Binghatti,M1 exact name + same developer,PN4320,Maybach Ultimate Luxury,s
No.9,Select Group,M1 exact name + same developer,PN1394,NO 9,p
Oakley Square Residences,Ellington,M1 exact name + same developer,PN2304,OAKLEY SQUARE RESIDENCES,p
One By Binghatti,Binghatti,M1 exact name + same developer,PN3107,One by Binghatti,s
One River Point,Ellington,M1 exact name + same developer,PN2929,ONE RIVER POINT,p
Opera Grand,Emaar,M1 exact name + same developer,PN1507,Opera Grand,p
Oxford 212,Iman,M1 exact name + same developer,PN2321,Oxford 212,p
Oxford Boulevard,Iman,M1 exact name + same developer,PN2204,OXFORD BOULEVARD,p
Oxford Gardens,Iman,M1 exact name + same developer,PN2703,Oxford Gardens,p
Oxford Residence,Iman,M1 exact name + same developer,PN1881,Oxford Residence,p
Oxford Residence 2,Iman,M1 exact name + same developer,PN2080,OXFORD RESIDENCE 2,p
Oxford Terraces,Iman,M1 exact name + same developer,PN2393,Oxford Terraces,p
Oxford Terraces 2,Iman,M1 exact name + same developer,PN2600,OXFORD TERRACES 2,p
Palace Residences North,Emaar,M1 exact name + same developer,PN2562,Palace Residences - North,p
Park Heights I,Emaar,M1 exact name + same developer,PN1876,Park Heights I,p
Park Lane,Emaar,M1 exact name + same developer,PN2775,Park Lane,p
Park Point,Emaar,M1 exact name + same developer,PN1812,Park Point,p
Park Ridge,Emaar,M1 exact name + same developer,PN1937,PARK RIDGE,p
Passo by Beyond,BEYOND,M1 exact name + same developer,PN3886,Passo By Beyond,p
Pearl House II by Imtiaz,Imtiaz,M1 exact name + same developer,PN2777,Pearl House II By Imtiaz,p
Pearl House III by Imtiaz,Imtiaz,M1 exact name + same developer,PN3196,Pearl House III by Imtiaz,p
Peninsula One,Select Group,M1 exact name + same developer,PN2284,Peninsula One,p
Peninsula Three,Select Group,M1 exact name + same developer,PN2372,Peninsula Three,p
Peninsula Two,Select Group,M1 exact name + same developer,PN2318,Peninsula Two,p
Portside Square,Ellington,M1 exact name + same developer,PN4213,PORTSIDE SQUARE,p
Project Maybach,Binghatti,M1 exact name + same developer,PN4319,Project Maybach,s
Riverton House,Ellington,M1 exact name + same developer,PN4036,RIVERTON HOUSE,p
Sanctuary,Prestige One,M2 the source's own binding to a register name,PN4332,Sanctuary by Prestige One,s
Sea Cliff by Imtiaz,Imtiaz,M1 exact name + same developer,PN4306,Seacliff by Imtiaz,p
Seacliff by Imtiaz,Imtiaz,M1 exact name + same developer,PN4306,Seacliff by Imtiaz,s
Serenia Living,Palma,M1 exact name + same developer,PN2420,SERENIA LIVING,p
Serenia Residences The Palm,Palma,M1 exact name + same developer,PN1641,SERENIA RESIDENCES THE PALM,p
SIERRA by Iman,Iman,M1 exact name + same developer,PN3835,SIERRA BY IMAN,p
Six Senses Residences Dubai Marina,Select Group,M1 exact name + same developer,PN3006,Six Senses Residences Dubai Marina,p
Skyscape,Sobha,M1 exact name + same developer,PN3160,SKYSCAPE,p
Skyvue,Sobha,M1 exact name + same developer,PN3435,Skyvue,p
Sobha Central,Sobha,M1 exact name + same developer,PN4328,Sobha Central,p
Sobha Central,Sobha,M1 exact name + same developer,PN4328,Sobha Central,p
Sobha Estates,Sobha,M1 exact name + same developer,PN2793,Sobha Estates,p
Sobha One,Sobha,M1 exact name + same developer,PN2948,SOBHA ONE,p
Sobha One,Sobha,M1 exact name + same developer,PN2948,SOBHA ONE,p
Sobha Reserve,Sobha,M1 exact name + same developer,PN2826,Sobha Reserve,p
Sobha Reserve,Sobha,M1 exact name + same developer,PN2826,Sobha Reserve,p
Somerset Mews,Ellington,M1 exact name + same developer,PN1981,SOMERSET MEWS,p
Soulever,Beyond,M2 the source's own binding to a register name,PN4084,Soulever' By Beyond,s
Soulever by Beyond,BEYOND,M1 exact name + same developer,PN4084,Soulever' By Beyond,p
Soulever Tower B,Beyond,M2 the source's own binding to a register name,PN4084,Soulever' By Beyond,s
Studio One,Select Group,M1 exact name + same developer,PN1776,Studio One,p
Sunrise Bay,Emaar,M1 exact name + same developer,PN2025,SUNRISE BAY,p
Sunset Bay Grand by Imtiaz,Imtiaz,M1 exact name + same developer,PN3868,SUNSET BAY GRAND BY IMTIAZ,p
Sunset Bay Grand BY Imtiaz,Imtiaz,M1 exact name + same developer,PN3868,SUNSET BAY GRAND BY IMTIAZ,s
Sur La Mer,Meraas,M1 exact name + same developer,PN2167,Sur La Mer,p
Talea,Beyond,M2 the source's own binding to a register name,PN3869,Talea,s
The Archive,Imtiaz,M2 the source's own binding to a register name,PN3781,THE ARCHIVE BY IMTIAZ,s
The Archive by Imtiaz,Imtiaz,M1 exact name + same developer,PN3781,THE ARCHIVE BY IMTIAZ,p
The Cove,Emaar,M1 exact name + same developer,PN1826,The Cove,p
The Crestmark,Ellington,M1 exact name + same developer,PN2832,THE CRESTMARK,p
The EDGE,Select Group,M1 exact name + same developer,PN2611,The EDGE,p
The Edit at d3,Meraas,M1 exact name + same developer,PN4177,THE EDIT at d3,p
The Element at Sobha One,Sobha,M1 exact name + same developer,PN3540,The Element at Sobha One,p
The Grove By Iman,Iman,M1 exact name + same developer,PN2512,THE GROVE BY IMAN,p
The Highgrove,Ellington,M1 exact name + same developer,PN4037,THE HIGHGROVE,p
The Hillgate,Ellington,M1 exact name + same developer,PN3594,THE HILLGATE,p
The Point,Select Group,M1 exact name + same developer,PN260,THE POINT,p
The Portman,Ellington,M1 exact name + same developer,PN2537,THE PORTMAN,p
The Quayside,Ellington,M1 exact name + same developer,PN2815,THE QUAYSIDE,p
The Residence Burj Khalifa,Emaar,M1 exact name + same developer,PN2443,THE RESIDENCE | Burj Khalifa,p
Treppan Serenique Residences,Fakhruddin,M1 exact name + same developer,PN3718,TREPPAN SERENIQUE RESIDENCES,s
Treppan Tower,Fakhruddin,M1 exact name + same developer,PN3348,TREPPAN TOWER,s
Treppan Vision,Fakhruddin,M2 the source's own binding to a register name,PN4539,Treppan Vision,s
Tréppan Living PRIVE,Fakhruddin,M1 exact name + same developer,PN4345,Treppan Living Prive,p
Urbana,Emaar,M1 exact name + same developer,PN1808,URBANA,p
Urbana Iii,Emaar,M1 exact name + same developer,PN1880,URBANA III,p
Verde by Sobha,Sobha,M1 exact name + same developer,PN2583,Verde by Sobha,p
Verve City Walk,Meraas,M1 exact name + same developer,PN3152,Verve City Walk,p
Vida Dubai Mall,Emaar,M1 exact name + same developer,PN1898,Vida Dubai Mall,p
Vida Residences Dubai Marina,Emaar,M1 exact name + same developer,PN1831,VIDA Residences Dubai Marina,p
Vision Iconic,Binghatti,M1 exact name + same developer,PN4544,Vision Iconic,s
W Residences At Dubai Harbour,Arada,M2 the source's own binding to a register name,PN3317,W Residences at Dubai Harbour,s
West Avenue,Select Group,M1 exact name + same developer,PN913,WEST AVENUE,p
Westwood by Imtiaz,Imtiaz,M1 exact name + same developer,PN2431,Westwood By Imtiaz,p
Westwood Grande by Imtiaz,Imtiaz,M1 exact name + same developer,PN2520,Westwood Grande by Imtiaz,p
Westwood Grande II by Imtiaz,Imtiaz,M1 exact name + same developer,PN2645,Westwood Grande II By Imtiaz,p
Wilton Park Residences,Ellington,M1 exact name + same developer,PN2158,WILTON PARK RESIDENCES,p
Wilton Terraces,Ellington,M1 exact name + same developer,PN1970,WILTON TERRACES,p
Windsor House,Ellington,M1 exact name + same developer,PN4035,WINDSOR HOUSE,p
Windsor House II,Ellington,M1 exact name + same developer,PN4300,WINDSOR HOUSE II,p
Wynwood by Imtiaz,Imtiaz,M2 the source's own binding to a register name,PN3784,WYNWOOD RESIDENCES BY IMTIAZ,s
Wynwood Horizon by Imtiaz,Imtiaz,M1 exact name + same developer,PN4133,Wynwood Horizon by Imtiaz,p
Wynwood Horizon by Imtiaz,Imtiaz,M1 exact name + same developer,PN4133,Wynwood Horizon by Imtiaz,s
