project,developer,register_key_same_name,register_name,register_developer
Address Harbour Point,Emaar,PN1870,ADDRESS HARBOUR POINT,ذي لاجونز المرحلة الاولى ش.ذ.م.م
Address Residences Zabeel,Emaar,PN2957,Address Residences Zabeel,زعبيل سكوير ش.ذ.م.م
Aeon,Emaar,PN2882,Aeon,دبي كريك هاربور ش.ذ.م.م
Atelis at d3,Meraas,PN3750,Atelis at d3,دى اتش ايه ام منطقه حره - ذ.م.م
Avonlea,Emaar,PN2838,Avonlea,ميناء راشد العقارية ش.ذ.م.م
Bayline,Emaar,PN2813,Bayline,ميناء راشد العقارية ش.ذ.م.م
Belgravia Square,Ellington,PN2100,BELGRAVIA SQUARE,قرية جميرا (ش.ذ.م.م)
Botanica,Select Group,PN297,BOTANICA,اعمار العقارية (ش . م. ع)
Bulgari Lighthouse Dubai,Meraas,PN2507,Bulgari Lighthouse Dubai,جميرا باي ش.ذ.م.م
Clearpoint,Emaar,PN2743,Clearpoint,ميناء راشد العقارية ش.ذ.م.م
Club Drive,Emaar,PN2769,Club Drive,دبي هيلز استيت ش.ذ.م.م
Creek Palace,Emaar,PN2191,Creek Palace,ذي لاجونز المرحلة الاولى ش.ذ.م.م
Creek Waters,Emaar,PN2614,Creek Waters,ذي لاجونز المرحلة الاولى ش.ذ.م.م
Creek Waters 2,Emaar,PN2634,Creek Waters 2,ذي لاجونز المرحلة الاولى ش.ذ.م.م
Eaton Square,Ellington,PN4301,EATON SQUARE,
Eden Hills,H&H,PN3311,Eden Hills,ايدن هيلز ش.ذ.م.م
Eden House Dubai Hills,H&H,PN3269,Eden House Dubai Hills,دبي هيلز استيت ش.ذ.م.م
Eden House The Canal,H&H,PN2836,Eden House The Canal,مجموعة ميدان (ش.ذ.م.م)
Eden House The PARK,H&H,PN3382,Eden House The Park,مراس العقارية (ش.ذ.م.م)
Ellington House,Ellington,PN2439,ELLINGTON HOUSE,دبي هيلز استيت ش.ذ.م.م
Ellington House II,Ellington,PN2464,ELLINGTON HOUSE II,دبي هيلز استيت ش.ذ.م.م
Ellington House III,Ellington,PN2581,ELLINGTON HOUSE III,دبي هيلز استيت ش.ذ.م.م
Ellington House IV,Ellington,PN2790,ELLINGTON HOUSE IV,دبي هيلز استيت ش.ذ.م.م
Eltiera Heights,Ellington,PN3852,ELTIERA HEIGHTS,شركة نخيل (ش.م.خ)
Everly Place,Ellington,PN4499,EVERLY PLACE,EPD BK DEVELOPERS L.L.C
Gardens 2,Iman,PN2938,GARDENS 2,ليوان(ش.ذ.م.م.)
Golf Place,Emaar,PN2016,Golf Place,دبي هيلز استيت ش.ذ.م.م
Greenside Residence,Emaar,PN2705,Greenside Residence,دبي هيلز استيت ش.ذ.م.م
Grove,Emaar,PN2850,Grove,نشاما للعقارات لمالكها نشمي ديفلوبمنت شركة الشخص الواحد ش.ذ.م.م
Hamilton House,Ellington,PN2538,HAMILTON HOUSE,قرية جميرا (ش.ذ.م.م)
Jumeirah Residences Emirates Towers,Meraas,PN3820,Jumeirah Residences Emirates Towers,دي اتش ار اي 2 بي تي اس ش.ذ.م.م
Luxury Canal Residences,Prestige One,PN3568,LUXURY CANAL RESIDENCES,شركة نخيل (ش.م.خ)
Maple,Emaar,PN1645,MAPLE,دبي هيلز استيت ش.ذ.م.م
Marsa Al Arab Villas,Meraas,PN2161,Marsa Al Arab Villas,مرسى العرب ش.ذ.م.م
Mercer House,Ellington,PN2990,MERCER HOUSE,مركز دبي للسلع المتعددة
Ocean House,Ellington,PN2691,OCEAN HOUSE,شركة النخلة - جميرا (ش.ذ.م.م)
Ocean Point,Emaar,PN2975,Ocean Point,ميناء راشد العقارية ش.ذ.م.م
One at Palm Jumeirah,OMNIYAT,PN1631,ONE AT PALM JUMEIRAH,شركة النخلة - جميرا (ش.ذ.م.م)
Palace Residences Creek Blue,Emaar,PN3147,Palace Residences Creek Blue,دبي كريك هاربور ش.ذ.م.م
Palm Hills,Emaar,PN2263,Palm Hills,دبي هيلز استيت ش.ذ.م.م
Park Field,Emaar,PN2404,Park Field,دبي هيلز استيت ش.ذ.م.م
Park Gate,Emaar,PN2846,Park Gate,دبي هيلز استيت ش.ذ.م.م
Park Horizon,Emaar,PN2483,Park Horizon,دبي هيلز استيت ش.ذ.م.م
Parkside Hills,Emaar,PN2741,Parkside Hills,دبي هيلز استيت ش.ذ.م.م
Rosemont Residences,Ellington,PN2993,ROSEMONT RESIDENCES,قرية جميرا (ش.ذ.م.م)
Rove City Walk,Emaar,PN2113,Rove City Walk,روف للضيافة ش.ذ.م.م
Seagate,Emaar,PN2163,Seagate,ميناء راشد العقارية ش.ذ.م.م
Seascape,Emaar,PN2513,Seascape,ميناء راشد العقارية ش.ذ.م.م
Sidra,Emaar,PN1727,SIDRA,دبي هيلز استيت ش.ذ.م.م
"Six Senses Residences The Palm, Dubai",Select Group,PN2350,"Six Senses Residences The Palm, Dubai",شركة النخلة - جميرا (ش.ذ.م.م)
Sobha Orbis,Sobha,PN3070,Sobha Orbis,الاتحاد العقارية (شركة مساهمة عامة)
Sobha Orbis,Sobha,PN3070,Sobha Orbis,الاتحاد العقارية (شركة مساهمة عامة)
Sobha Solis,Sobha,PN3334,Sobha Solis,الاتحاد العقارية (شركة مساهمة عامة)
Sobha Solis,Sobha,PN3334,Sobha Solis,الاتحاد العقارية (شركة مساهمة عامة)
Sunridge,Emaar,PN2678,Sunridge,ميناء راشد العقارية ش.ذ.م.م
The Highbury,Ellington,PN2641,THE HIGHBURY,شوبا ش.ذ.م.م
The Meriva Collection,Ellington,PN4346,THE MERIVA COLLECTION,CRESTARC DEVELOPERS L.L.C
The One,Prestige One,PN1666,THE ONE,قرية جميرا (ش.ذ.م.م)
The Residence,Prestige One,PN473,THE RESIDENCE,شركة نخيل (ش.م.خ)
The Serene,Sobha,PN4020,THE SERENE,مؤسسه مدينه دبى للطيران
Vida Residences Hillside,Emaar,PN3534,Vida Residences Hillside,دبي هيلز استيت ش.ذ.م.م
Villa Amalfi,Meraas,PN2114,Villa Amalfi,جميرا باي ريزيدينشال ذ.م.م
W Residences at Dubai Harbour,Arada,PN3317,W Residences at Dubai Harbour,دبي هاربور كوميونيتي ذ.م.م
