project,developer,register_key_possible,register_name_possible,source
31 Above,BEYOND,PN4183,31 Above By Beyond,p
ANWA,OMNIYAT,PN1636,THE ANWA BY OMNIYAT,p
AVA,OMNIYAT,PN2382,AVA AT PALM JUMEIRAH BY OMNIYAT,p
Avarra By Palace At Business Bay,Emaar,PN4227,Avarra by Palace,p
Bayview By Address Resorts,Emaar,PN2646,BAYVIEW,p
Belgravia II,Ellington,PN1820,Belgravia 2,p
City Walk Crestlane,Meraas,PN3530,City Walk Crestlane 2,p
City Walk Northline,Meraas,PN2972,City Walk Northline 2,p
Claydon House,Ellington,PN3098,CLAYDON HOUSE BY ELLINGTON,p
Cotier House by Imtiaz,Imtiaz,PN3394,COTIER HOUSE 1 BY IMTIAZ,p
Dubai Creek Residences,Emaar,PN1597,THE DUBAI CREEK RESIDENCES,p
Golf Acres At Emaar South,Emaar,PN3426,Golf Acres,p
Golf Dale At Emaar South,Emaar,PN3427,Golf Dale,p
Golf Edge At Emaar South,Emaar,PN3385,Golf Edge,p
Golf Fields At Emaar South,Emaar,PN4415,Golf Fields,p
Golf Hills 2 At Emaar South,Emaar,PN4119,Golf Hills 2,p
Golf Hills At Emaar South,Emaar,PN4117,Golf Hills,p
Golf Lane At Emaar South,Emaar,PN3111,Golf Lane,p
Golf Meadow At Emaar South,Emaar,PN3579,Golf Meadow,p
Golf Point At Emaar South,Emaar,PN3215,Golf Point,p
Golf Residences,Prestige One,PN3131,GOLF RESIDENCES BY PRESTIGE ONE,p
Golf Vale At Emaar South,Emaar,PN4416,Golf Vale,p
Golf Verge At Emaar South,Emaar,PN3578,Golf Verge,p
Greenridge At Emaar South,Emaar,PN3283,Greenridge,p
Greenspoint At Emaar South,Emaar,PN3514,Greenspoint,p
Greenville At Emaar South,Emaar,PN3316,Greenville,p
Greenway 2 At Emaar South,Emaar,PN3121,Greenway 2,p
Greenway At Emaar South,Emaar,PN3032,Greenway,p
Grove Ridge At Emaar South,Emaar,PN4200,Grove Ridge,p
Hatimi Residences at Dubai Islands,Fakhruddin,PN2981,HATIMI RESIDENCES BY FAKHRUDDIN,p
Hillmont Residences,Ellington,PN3081,HILLMONT RESIDENCES BY ELLINGTON,p
Maimoon Gardens at JVC Dubai,Fakhruddin,PN2412,Maimoon Gardens,p
Marina Cove At Dubai Marina,Emaar,PN3328,Marina Cove,p
One Park Central,Iman,PN2969,ONE PARK CENTRAL BY IMAN,p
One Park Square,Iman,PN3366,ONE PARK SQUARE BY IMAN,p
One Sky Park,Iman,PN3179,ONE SKY PARK BY IMAN,p
ORLA,OMNIYAT,PN2455,ORLA BY OMNIYAT,p
ORLA Infinity,OMNIYAT,PN2664,ORLA Infinity by OMNIYAT,p
Oxford Cove by Iman,Iman,PN4330,OXFORD COVE,p
Parkway,Prestige One,PN3272,PARKWAY BY PRESTIGE ONE,p
Pearl House 4 by Imtiaz,Imtiaz,PN4129,PEARL HOUSE IV BY IMTIAZ,p
Pearl House by Imtiaz,Imtiaz,PN3196,Pearl House III by Imtiaz,p
Raw District by Imtiaz (Sheikh Zayed Road),Imtiaz,PN4498,RAW DISTRICT BY IMTIAZ CR,p
Raw District II by Imtiaz (Sheikh Zayed Road),Imtiaz,PN4526,RAW DISTRICT 2 BY IMTIAZ,p
Seaside,Prestige One,PN3119,Seaside by Prestige One,p
Sobha Hartland Greens,Sobha,PN1581,SOBHA HARTLAND GREENS- PHASE I,p
Solaya,Meraas,PN4089,"Solaya (1,2,3)",p
Terra Gardens At Expo Living,Emaar,PN4160,Terra Gardens,p
Terra Heights At Expo Living,Emaar,PN3381,Terra Heights,p
Terra Woods At Expo Living,Emaar,PN4367,Terra Woods,p
The Boulevard,Prestige One,PN3428,THE BOULEVARD BY PRESTIGE ONE,p
The Opus,OMNIYAT,PN1177,THE OPUS BY OMNIYAT,p
The Watercrest,Ellington,PN3444,THE WATERCREST BY ELLINGTON,p
The Waterway,Prestige One,PN3198,The Waterway by Prestige One,p
VELA,OMNIYAT,PN2653,VELA by OMNIYAT,p
VELA VIENTO,OMNIYAT,PN2885,Vela Viento by Omniyat,p
Vista,Prestige One,PN2661,Vista by Prestige One,p
Vista Ridge At Emaar South,Emaar,PN4201,Vista Ridge,p
