developer_id,register_name,projects_with_both_dates,finished_late,share_late_pct,median_months_late_of_the_late
192,DAMAC DEVELOPMENT(L L C),12,5,42,2.6
602,,5,2,40,36.0
900,FALAK PROPERTIES,6,2,33,6.2
67,MARS PROPERTIES INVESTMENT LIMITED,3,1,33,3.5
10840745,THE DEVELOPER PROPERTIES L.L.C,3,1,33,7.6
14241293,DUBAI WHARF L.L.C,3,1,33,0.3
169752851,JAG DEVELOPMENT L.L.C,3,1,33,15.5
99,TAMEER HOLDING INVESTMENT   (LLC),7,2,29,5.4
108,JUMEIRAH GOLF ESTATES L.L.C,11,3,27,20.8
6,DIAMOND  DEVELOPERS CO.LIMITED,12,3,25,14.3
11717038,MDN REAL ESTATE L.L.C,8,2,25,5.3
21223993,MYRA REAL ESTATE DEVEIOPMENT L.L.C,4,1,25,0.1
108736083,PRESCOTT REAL ESTATE DEVELOPMENT L.L.C,4,1,25,10.1
200,DUBAI SPORTS CITY (L. L. C),5,1,20,6.4
880,JUMEIRAH PARK (L.L.C),5,1,20,4.5
12595870,AZIZI DEVELOPMENTS L.L.C,84,14,17,6.5
907,DAMAC STAR PROPERTIES (L L C),12,2,17,0.3
12900589,ARABIAN GULF PROPERTIES,6,1,17,13.5
4,AL MANAL DEVELOPMENT FZCO,7,1,14,29.8
37,LOOTAH REAL ESTATE DEVELOPMENT L.L.C,7,1,14,21.1
103,THE PALM - JUMEIRAH CO. (L.L.C),7,1,14,7.7
555,EMAAR PROPERTIES (P.J.S.C),50,7,14,7.4
10097270,SOBHA L.L.C,15,2,13,6.2
10706845,SELECT GLOBAL DEVELOPMENT L.L.C,8,1,12,7.3
52592417,IMAN DEVELOPERS L.L.C,8,1,12,5.8
12777430,DANUBE PROPERTIES DEVELOPMENT L.L.C,17,2,12,0.3
11259953,DUBAI HILLS ESTATE L.L.C,29,3,10,1.3
26581366,CITYWALK RESIDENTIAL 1 L.L.C,12,1,8,10.9
27458061,ELLINGTON PROPERTIES DEVELOPMENT L.L.C,15,1,7,0.2
13743506,FRONT LINE INVESTMENT MANAGEMENT L.L.C,31,2,6,3.9
903,AL MAZAYA REAL ESTATE FZ-LLC,33,2,6,7.7
260,DAMAC PROPERTIES CO (L.L.C),20,1,5,2.0
285,GULF GENERAL INVESTMENTS CO. (P.S.C),20,1,5,1.2
15,DEYAAR DEVELOPMENT (P.J.S.C),24,1,4,8.6
15782130,Binghatti Developers FZE,30,1,3,2.9
8289244,DAMAC CRESCENT PROPERTIES,42,1,2,1.2
137044480,EMAAR DEVELOPMENT P.J.S.C.,48,0,0,
8370589,District One - FZ,36,0,0,
14847027,THE LAGOONS PHASE ONE L.L.C,18,0,0,
14868751,NORTH DUBAILAND PROJECTS L.L.C,17,0,0,
29,T F G REAL ESTATE L.L.C,14,0,0,
31550449,DUBAI SOUTH PROPERTIES DWC LLC,13,0,0,
581,TIGER PROPERTIES,12,0,0,
33891624,EMAAR DUBAI SOUTH DWC LLC,11,0,0,
41647020,NSHAMA PROPERTIES OWNED BY NSHMI DEVELOPMENT ONE PERSON COMPANY L.L.C,11,0,0,
157074894,DUBAI CREEK HARBOUR L.L.C,10,0,0,
95,FORTIS PLUS HOLDINGS LIMITED,8,0,0,
121,ALFURJAN ( L.L.C ),8,0,0,
784,AL MAZAYA HOLDING COMPANY,8,0,0,
205,TRIPLANET INTERNATIONAL (FZC),7,0,0,
255,AB PROPERTIES LIMITED,7,0,0,
16525664,NSHMI DEVELOPMENT L.L.C,7,0,0,
26,ETA STAR PROPERTY DEVELOPERS L.L.C,6,0,0,
527,TIME PROPERTIES,6,0,0,
189977609,PDLM RESIDENTIAL L.L.C,6,0,0,
286207789,METRICAL REAL ESTATE DEVELOPMENT L.L.C,6,0,0,
3,AL FAJER PROPERTIES (L. L. C),5,0,0,
153,DUBAI MULTI COMMODITIES CENTER,5,0,0,
356,CREDO INVESTMENTS F Z E,5,0,0,
465,VENUS PROPERTIES INVESTMENT LTD,5,0,0,
905,TANMIYAT GLOBAL REAL ESTATE DEVELOPMENT   L L C,5,0,0,
7381859,AL ARYAM PHASE ONE L.L.C,5,0,0,
122,INTERNATIONAL CITY ( L.L.C ),4,0,0,
414,ACW HOLDING LTD,4,0,0,
429,LUX REAL ESTATE,4,0,0,
670,ABWAB REAL ESTATE LIMITED CO (L.L.C),4,0,0,
904,AL MAZAYA EMIRATES REAL ESTATE DEVELOPMENT OWNED BY MAZAYA ALGHAD ONE PERSON COMPANY L.L.C,4,0,0,
8548629,CONTINENTAL INVESTMENTS LMD L.L.C,4,0,0,
11895246,S O L PROPERTIES DEVELOPMENT L.L.C,4,0,0,
12940965,ALSEEB REAL ESTATE DEVELOPMENT L.L.C,4,0,0,
21240225,JUMEIRAH HILLS DEVELOPMENT L.L.C,4,0,0,
53873272,MEYDAN GROUP (L.L.C),4,0,0,
164137069,SAMANA INTERNATIONAL REAL ESTATE DEVELOPMENT L.L.C,4,0,0,
7,FALCONCITY OF WONDERS L.L.C,3,0,0,
19,REEF REAL ESTATE INVESTMENT CO (L.L.C),3,0,0,
69,WESTAR PROPERTIES LIMITED,3,0,0,
79,AL MADAR INVESTMENT (L.L.C),3,0,0,
126,ROSE HOMES INVESTMENT (L.L.C),3,0,0,
226,NEPTUNE PROPERTIES INVESTMENT LIMITED,3,0,0,
261,VICTORY HEIGHTS REAL ESTATE DEVELOPMENT L.L.C,3,0,0,
269,SABA  PROPERTIES DMCC,3,0,0,
921,ISLAND OASIS PROPERTIES,3,0,0,
7904755,NABNI REAL ESTATE DEVELOPMENT L.L.C,3,0,0,
10666175,UNIESTATE PROPERTIES L.L.C,3,0,0,
11295934,PAN GLOBAL DEVELOPMENT L.L.C,3,0,0,
11695071,AL ARYAM PHASE TWO L.L.C,3,0,0,
14150260,NEW WORLD DEVELOPMENTS L.L.C,3,0,0,
14175368,AQUA REAL ESTATE DEVELOPMENT L.L.C,3,0,0,
21119555,SEVEN TIDES LIMITED,3,0,0,
21230291,MERAAS BAY AND RESIDENCE L.L.C,3,0,0,
24406880,DAMAC WORLD REAL ESTATE L.L.C,3,0,0,
27602697,VINCITORE REAL ESTATE DEVELOPMENT L.L.C,3,0,0,
28522613,AL HELAL AL ZAHABY REAL ESTATE DEVELOPMENT L.L.C,3,0,0,
29075838,IMTIAZ REAL ESTATE INVESTMENT & DEVELOPMENT L.L.C,3,0,0,
31003970,LAYA DEVELOPERS L.L.C,3,0,0,
42863925,DEVAL REAL ESTATE DEVELOPMENT L.L.C,3,0,0,
139871001,TOWNX REAL ESTATE DEVELOPMENT L.L.C,3,0,0,
143901975,B N H REAL ESTATE DEVELOPER,3,0,0,
