project_key,project,source_kind,source_file,source_ref,text_or_label,status,reason,confidence
arada|inauradowntown,Inaura Downtown,developer site text,data/dev_meta/arada_portfolio.json,Inaura Downtown description,"Luxury apartments in Downtown Dubai for sale at Inaura by Arada. Flexible payment plan with 10% down, 40% during construction, 50% on handover. Explore amenities and register interest.",INCLUDED,ok,high
emaar|addressgranddowntown,Address Grand Downtown Dubai,developer site label,data/dev_meta/emaar_portfolio.json,Address Grand Downtown Dubai facts.payment_plans[0],60/40,LABEL_ONLY,printed code; the meaning of each figure is not stated,
imtiaz|beachwalk4,Beach Walk 4 by Imtiaz,developer site text,data/dev_meta/imtiaz_portfolio.json,Beach Walk 4 by Imtiaz faq[5].a,"The payment plan is structured as 20% on booking, followed by 40% in installments, and 40% on completion in June 2027.",INCLUDED,ok,high
imtiaz|beachwalkgrand2,Beach Walk Grand 2 by Imtiaz,developer site text,data/dev_meta/imtiaz_portfolio.json,Beach Walk Grand 2 by Imtiaz faq[5].a,"We offer 20% on booking, followed by installments of 40% during construction, with the remaining 40% payable on completion in Q4 2027.",INCLUDED,ok,high
imtiaz|beachwalkgrand,Beach Walk Grand by Imtiaz,developer site text,data/dev_meta/imtiaz_portfolio.json,Beach Walk Grand by Imtiaz faq[6].a,"The payment plan is structured as 20% on booking (November 2024), 40% payable in installments during construction, and 40% on completion in November 2026.",INCLUDED,ok,high
imtiaz|beachwalk3,Beach Walk III by Imtiaz,developer site text,data/dev_meta/imtiaz_portfolio.json,Beach Walk III by Imtiaz faq[4].a,"We offer a simple construction-linked plan with 20% on booking, 40% payable in installments during construction, and 40% on completion in June 2026 .",INCLUDED,ok,high
imtiaz|beachwalk,Beach Walk Residence by Imtiaz,developer site label,data/dev_meta/imtiaz_portfolio.json,Beach Walk Residence by Imtiaz facts.payment_plans[0],50/50,LABEL_ONLY,printed code; the meaning of each figure is not stated,
imtiaz|beachwalk,Beach Walk Residence by Imtiaz,developer site label,data/dev_meta/imtiaz_portfolio.json,Beach Walk Residence by Imtiaz facts.payment_plans[1],60/40,LABEL_ONLY,printed code; the meaning of each figure is not stated,
imtiaz|beachwalk2,Beach Walk Residence II by Imtiaz,developer site text,data/dev_meta/imtiaz_portfolio.json,Beach Walk Residence II by Imtiaz faq[3].a,"The payment plan is structured as 20% on booking, followed by 40% in installments, and the remaining 40% on completion in April 2026.",INCLUDED,ok,high
imtiaz|cotierhouse2,Cotier House 2 by Imtiaz,developer site text,data/dev_meta/imtiaz_portfolio.json,Cotier House 2 by Imtiaz faq[4].a,"As a premium off-plan waterfront development, we offer structured and flexible payment plans. Typical structures include 10% on booking, 40–50% during construction, and the remaining balance on handov",EXCLUDED,"range: a range of percentages, not one figure",
imtiaz|coveboulevard,Cove Boulevard by Imtiaz,developer site label,data/dev_meta/imtiaz_portfolio.json,Cove Boulevard by Imtiaz facts.payment_plans[0],60/40,LABEL_ONLY,printed code; the meaning of each figure is not stated,
imtiaz|coveboulevard,Cove Boulevard by Imtiaz,developer site label,data/dev_meta/imtiaz_portfolio.json,Cove Boulevard by Imtiaz facts.payment_plans[1],70/30,LABEL_ONLY,printed code; the meaning of each figure is not stated,
imtiaz|coveboulevard,Cove Boulevard by Imtiaz,developer site text,data/dev_meta/imtiaz_portfolio.json,Cove Boulevard by Imtiaz faq[2].a,"Two payment plans are offered • Option 1: 60/40 payment plan - 60% during construction and 40% on completion • Option 2: 70/30 payment plan - 70% up to completion, with 30% payable post-handover over 3 years in quarterly",INCLUDED,ok,high
imtiaz|coveboulevard,Cove Boulevard by Imtiaz,developer site text,data/dev_meta/imtiaz_portfolio.json,Cove Boulevard by Imtiaz faq[2].a,"Two payment plans are offered • Option 1: 60/40 payment plan - 60% during construction and 40% on completion • Option 2: 70/30 payment plan - 70% up to completion, with 30% payable post-handover over 3 years in quarterly",INCLUDED,ok,high
imtiaz|cove,Cove by Imtiaz,developer site label,data/dev_meta/imtiaz_portfolio.json,Cove by Imtiaz facts.payment_plans[0],60/40,LABEL_ONLY,printed code; the meaning of each figure is not stated,
imtiaz|cove,Cove by Imtiaz,developer site text,data/dev_meta/imtiaz_portfolio.json,Cove by Imtiaz faq[2].a,60/40 payment plan,EXCLUDED,a label with no breakdown,
imtiaz|cove,Cove by Imtiaz,developer site text,data/dev_meta/imtiaz_portfolio.json,Cove by Imtiaz faq[2].a,Post-handover plan with 30% payable over 3 years,EXCLUDED,a percentage with no stated moment (30.0%),
imtiaz|coveedition2,Cove Edition 2 by Imtiaz,developer site text,data/dev_meta/imtiaz_portfolio.json,Cove Edition 2 by Imtiaz faq[1].a,"The project offers a post-handover payment structure, typically comprising: 20% on booking Payments during construction 30% payable over 3 years post-handover in quarterly instalments",EXCLUDED,a remainder of 50.0% with no stated moment,
imtiaz|coveedition4,Cove Edition 4 by Imtiaz,developer site label,data/dev_meta/imtiaz_portfolio.json,Cove Edition 4 by Imtiaz facts.payment_plans[0],50/50,LABEL_ONLY,printed code; the meaning of each figure is not stated,
imtiaz|coveedition4,Cove Edition 4 by Imtiaz,developer site label,data/dev_meta/imtiaz_portfolio.json,Cove Edition 4 by Imtiaz facts.payment_plans[1],70/30,LABEL_ONLY,printed code; the meaning of each figure is not stated,
imtiaz|coveedition4,Cove Edition 4 by Imtiaz,developer site text,data/dev_meta/imtiaz_portfolio.json,Cove Edition 4 by Imtiaz faq[1].a,"We offer two flexible payment options designed to suit different investment preferences: • 50/50 Plan: 20% on booking, followed by construction-linked installments, with the remaining 50% payable on handover in December ",INCLUDED,ok (derived remainder),medium
imtiaz|coveedition4,Cove Edition 4 by Imtiaz,developer site text,data/dev_meta/imtiaz_portfolio.json,Cove Edition 4 by Imtiaz faq[1].a,"70/30 Post-Handover Plan: 20% on booking, staged construction payments, 15% on completion, and the remaining balance payable post-handover over 3 years.",EXCLUDED,a post-handover payment is mentioned but not quantified,
imtiaz|coveedition5,Cove Edition 5 by Imtiaz,developer site label,data/dev_meta/imtiaz_portfolio.json,Cove Edition 5 by Imtiaz facts.payment_plans[0],50/50,LABEL_ONLY,printed code; the meaning of each figure is not stated,
imtiaz|coveedition5,Cove Edition 5 by Imtiaz,developer site text,data/dev_meta/imtiaz_portfolio.json,Cove Edition 5 by Imtiaz faq[1].a,"We offer two flexible, investment-friendly payment options: • 50/50 Plan: 20% on booking, followed by construction-linked installments, with the remaining 50% payable on completion in June 2027. • 3-Year Post-Handover Pl",INCLUDED,ok (derived remainder),medium
imtiaz|coveedition5,Cove Edition 5 by Imtiaz,developer site text,data/dev_meta/imtiaz_portfolio.json,Cove Edition 5 by Imtiaz faq[1].a,"3-Year Post-Handover Plan: 20% on booking, staged construction payments, completion in June 2027, and the remaining 30% payable post-handover over 3 years at 2.5% per quarter.",EXCLUDED,"the completion payment is not stated, so the remainder could hide two payments",
imtiaz|coveedition1,Cove Edition I by Imtiaz,developer site label,data/dev_meta/imtiaz_portfolio.json,Cove Edition I by Imtiaz facts.payment_plans[0],50/50,LABEL_ONLY,printed code; the meaning of each figure is not stated,
imtiaz|coveedition1,Cove Edition I by Imtiaz,developer site text,data/dev_meta/imtiaz_portfolio.json,Cove Edition I by Imtiaz faq[4].a,"Cove Edition by Imtiaz offers two payment options: • 50/50 Plan: 20% on booking, followed by construction-linked installments, with 50% payable on completion in June 2026. • 3-Year Post-Handover Plan: 20% on booking, sta",INCLUDED,ok (derived remainder),medium
imtiaz|coveedition1,Cove Edition I by Imtiaz,developer site text,data/dev_meta/imtiaz_portfolio.json,Cove Edition I by Imtiaz faq[4].a,"3-Year Post-Handover Plan: 20% on booking, staged construction payments, 15% on completion, and the remaining balance payable post-handover over 3 years.",EXCLUDED,a post-handover payment is mentioned but not quantified,
imtiaz|coveedition3,Cove Edition III by Imtiaz,developer site label,data/dev_meta/imtiaz_portfolio.json,Cove Edition III by Imtiaz facts.payment_plans[0],50/50,LABEL_ONLY,printed code; the meaning of each figure is not stated,
imtiaz|coveedition3,Cove Edition III by Imtiaz,developer site label,data/dev_meta/imtiaz_portfolio.json,Cove Edition III by Imtiaz facts.payment_plans[1],70/30,LABEL_ONLY,printed code; the meaning of each figure is not stated,
imtiaz|coveedition3,Cove Edition III by Imtiaz,developer site text,data/dev_meta/imtiaz_portfolio.json,Cove Edition III by Imtiaz faq[3].a,"We offer two flexible payment options: • 50/50 Plan: 20% on booking (December 2024), followed by construction-linked installments, with 50% payable on completion in November 2026. • 70/30 Post-Handover Plan: 20% on booki",INCLUDED,ok (derived remainder),medium
imtiaz|coveedition3,Cove Edition III by Imtiaz,developer site text,data/dev_meta/imtiaz_portfolio.json,Cove Edition III by Imtiaz faq[3].a,"We offer two flexible payment options: • 50/50 Plan: 20% on booking (December 2024), followed by construction-linked installments, with 50% payable on completion in November 2026. • 70/30 Post-Handover Plan: 20% on booki",INCLUDED,ok (derived remainder),medium
imtiaz|covegrand,Cove Grand by Imtiaz,developer site label,data/dev_meta/imtiaz_portfolio.json,Cove Grand by Imtiaz facts.payment_plans[0],50/50,LABEL_ONLY,printed code; the meaning of each figure is not stated,
imtiaz|covegrand,Cove Grand by Imtiaz,developer site text,data/dev_meta/imtiaz_portfolio.json,Cove Grand by Imtiaz faq[1].a,"Cove Grand offers two structured payment plans: • Option 1: 50/50 payment plan – 50% during construction and 50% on completion. • Option 2: Post-handover plan – 70% payable up to completion, with the remaining 30% payabl",INCLUDED,ok,high
imtiaz|covegrand,Cove Grand by Imtiaz,developer site text,data/dev_meta/imtiaz_portfolio.json,Cove Grand by Imtiaz faq[1].a,"Cove Grand offers two structured payment plans: • Option 1: 50/50 payment plan – 50% during construction and 50% on completion. • Option 2: Post-handover plan – 70% payable up to completion, with the remaining 30% payabl",INCLUDED,ok,high
imtiaz|enre,ENRE Residence by Imtiaz,developer site label,data/dev_meta/imtiaz_portfolio.json,ENRE Residence by Imtiaz facts.payment_plans[0],60/40,LABEL_ONLY,printed code; the meaning of each figure is not stated,
imtiaz|enre,ENRE Residence by Imtiaz,developer site text,data/dev_meta/imtiaz_portfolio.json,ENRE Residence by Imtiaz faq[0].a,"You can lock in your home at Enre Residence with a flexible 60/40 interest-free payment plan which lets you get a head start on owning your home sooner rather than later - 20% down when you make the booking, then spread ",INCLUDED,ok,high
imtiaz|leblanc,Le Blanc by Imtiaz,developer site label,data/dev_meta/imtiaz_portfolio.json,Le Blanc by Imtiaz facts.payment_plans[0],60/40,LABEL_ONLY,printed code; the meaning of each figure is not stated,
imtiaz|leblanc,Le Blanc by Imtiaz,developer site label,data/dev_meta/imtiaz_portfolio.json,Le Blanc by Imtiaz facts.payment_plans[1],70/30,LABEL_ONLY,printed code; the meaning of each figure is not stated,
imtiaz|leblanc,Le Blanc by Imtiaz,developer site text,data/dev_meta/imtiaz_portfolio.json,Le Blanc by Imtiaz faq[5].a,"Le Blanc offers two structured payment plans: • Option 1: 60/40 Payment Plan 60% payable during construction, with 40% due on completion (June 2028). • Option 2: 70/30 Payment Plan with Post-Handover 70% payable up to co",INCLUDED,ok,high
imtiaz|leblanc,Le Blanc by Imtiaz,developer site text,data/dev_meta/imtiaz_portfolio.json,Le Blanc by Imtiaz faq[5].a,"Le Blanc offers two structured payment plans: • Option 1: 60/40 Payment Plan 60% payable during construction, with 40% due on completion (June 2028). • Option 2: 70/30 Payment Plan with Post-Handover 70% payable up to co",INCLUDED,ok,high
imtiaz|luxor,Luxor by Imtiaz,developer site text,data/dev_meta/imtiaz_portfolio.json,Luxor by Imtiaz faq[6].a,"The payment plan is structured as 20% on booking, followed by 40% as installments during construction, with the remaining 40% payable on completion.",INCLUDED,ok,high
imtiaz|pearlhouse4,Pearl House 4 by Imtiaz,developer site text,data/dev_meta/imtiaz_portfolio.json,Pearl House 4 by Imtiaz faq[4].a,"We offer a simple construction-linked plan with 20% on booking, 40% payable in installments during construction, and 40% on completion in June 2026.",INCLUDED,ok,high
imtiaz|pearlhouse,Pearl House by Imtiaz,developer site text,data/dev_meta/imtiaz_portfolio.json,Pearl House by Imtiaz faq[4].a,"We offer a simple construction-linked plan with 20% on booking, 40% payable in installments during construction, and 40% on completion in June 2026.",INCLUDED,ok,high
imtiaz|pearlhouse2,Pearl House II by Imtiaz,developer site text,data/dev_meta/imtiaz_portfolio.json,Pearl House II by Imtiaz faq[6].a,"The payment plan is structured as 20% on booking, followed by 40% in installments, and the remaining 40% on completion.",INCLUDED,ok,high
imtiaz|pearlhouse3,Pearl House III by Imtiaz,developer site text,data/dev_meta/imtiaz_portfolio.json,Pearl House III by Imtiaz faq[7].a,"The payment plan is structured as 20% on booking (+4% DLD), followed by installments during construction, and 40% payable on handover in February 2026.",INCLUDED,ok (derived remainder),medium
imtiaz|seacliff,Sea Cliff by Imtiaz,developer site label,data/dev_meta/imtiaz_portfolio.json,Sea Cliff by Imtiaz facts.payment_plans[0],50/50,LABEL_ONLY,printed code; the meaning of each figure is not stated,
imtiaz|sunsetbay2,Sunset Bay 2 by Imtiaz,developer site label,data/dev_meta/imtiaz_portfolio.json,Sunset Bay 2 by Imtiaz facts.payment_plans[0],50/50,LABEL_ONLY,printed code; the meaning of each figure is not stated,
imtiaz|sunsetbay2,Sunset Bay 2 by Imtiaz,developer site label,data/dev_meta/imtiaz_portfolio.json,Sunset Bay 2 by Imtiaz facts.payment_plans[1],60/40,LABEL_ONLY,printed code; the meaning of each figure is not stated,
imtiaz|sunsetbay2,Sunset Bay 2 by Imtiaz,developer site label,data/dev_meta/imtiaz_portfolio.json,Sunset Bay 2 by Imtiaz facts.payment_plans[2],70/30,LABEL_ONLY,printed code; the meaning of each figure is not stated,
imtiaz|sunsetbay3,Sunset Bay 3 by Imtiaz,developer site text,data/dev_meta/imtiaz_portfolio.json,Sunset Bay 3 by Imtiaz faq[4].a,"We offer a simple construction-linked plan with 20% on booking, 40% payable in installments during construction, and 40% on completion in June 2026.",INCLUDED,ok,high
imtiaz|sunsetbay4,Sunset Bay 4 by Imtiaz,developer site text,data/dev_meta/imtiaz_portfolio.json,Sunset Bay 4 by Imtiaz faq[6].a,"We offer a construction-linked payment plan structured as 20% on booking (May 2025), 40% payable in installments during construction, and 40% on completion in June 2027.",INCLUDED,ok,high
imtiaz|sunsetbay5,Sunset Bay 5 by Imtiaz,developer site text,data/dev_meta/imtiaz_portfolio.json,Sunset Bay 5 by Imtiaz faq[4].a,"The payment plan is structured as 20% on booking, followed by installments during construction, with the remaining 40% payable on completion.",INCLUDED,ok (derived remainder),medium
imtiaz|sunsetbay,Sunset Bay by Imtiaz,developer site text,data/dev_meta/imtiaz_portfolio.json,Sunset Bay by Imtiaz faq[5].a,"The payment plan is structured as 20% on booking, followed by 40% in installments, and the remaining 40% on completion.",INCLUDED,ok,high
imtiaz|sunsetbaygrand,Sunset Bay Grand by Imtiaz,developer site text,data/dev_meta/imtiaz_portfolio.json,Sunset Bay Grand by Imtiaz faq[4].a,"Sunset Bay Grand offers a construction-linked payment plan structured as 20% on booking, followed by six instalments of 5%, 5%, 10%, 10%, 5%, and 5% between February 2026 and July 2027, with 40% due on completion in Dece",INCLUDED,ok,high
imtiaz|symphony,The Symphony by Imtiaz,developer site text,data/dev_meta/imtiaz_portfolio.json,The Symphony by Imtiaz faq[7].a,"The payment plan is structured as 20% on booking, staggered installments during construction between 2026 and 2028, and 40% on completion in Q2 2029.",INCLUDED,ok (derived remainder),medium
imtiaz|wynwood,Wynwood by Imtiaz,developer site text,data/dev_meta/imtiaz_portfolio.json,Wynwood by Imtiaz faq[5].a,"The payment plan is structured as 20% on booking, followed by installments during construction, with the remaining 40% payable on completion.",INCLUDED,ok (derived remainder),medium
imtiaz|wynwoodhorizon,Wynwood Horizon by Imtiaz,developer site text,data/dev_meta/imtiaz_portfolio.json,Wynwood Horizon by Imtiaz faq[6].a,"The payment plan is structured as 20% on booking, followed by 40% in installments, with the remaining 40% payable on completion in May 2028.",INCLUDED,ok,high
prestigeone|berkeleysquarenorth,Berkeley Square North,developer site text,data/dev_meta/prestigeone_portfolio.json,Berkeley Square North faq[4].a,"The post-handover payment plan comprises 55% before handover, 10% upon handover and 35% after handover.",INCLUDED,ok,high
prestigeone|berkeleysquaresouth,Berkeley Square South,developer site text,data/dev_meta/prestigeone_portfolio.json,Berkeley Square South faq[4].a,"The post-handover payment plan comprises 55% before handover, 10% upon handover and 35% after handover.",INCLUDED,ok,high
prestigeone|coastalhavenbyprestigeharbour,Coastal Haven by Prestige Harbour,developer site text,data/dev_meta/prestigeone_portfolio.json,Coastal Haven by Prestige Harbour faq[4].a,"The payment plan comprises 65% before handover and 35% upon handover, beginning with 20% at booking and staged construction instalments.",INCLUDED,ok (derived remainder),medium
prestigeone|golf,Golf Residences,developer site text,data/dev_meta/prestigeone_portfolio.json,Golf Residences faq[4].a,"The standard payment plan is 20% as the down payment, 20% during construction and 60% upon handover.",INCLUDED,ok,high
prestigeone|hiltonmaritimecity,Hilton Residences Dubai Maritime City,developer site text,data/dev_meta/prestigeone_portfolio.json,Hilton Residences Dubai Maritime City faq[4].a,"The payment plan is 20% on booking, 40% during construction and 40% on handover.",INCLUDED,ok,high
prestigeone|luxurycanal,Luxury Canal Residences,developer site text,data/dev_meta/prestigeone_portfolio.json,Luxury Canal Residences faq[4].a,"The payment plan comprises 65% before handover and 35% upon handover, beginning with 20% at booking and staged construction instalments.",INCLUDED,ok (derived remainder),medium
prestigeone|parkway,Parkway,developer site text,data/dev_meta/prestigeone_portfolio.json,Parkway faq[4].a,The payment plan comprises a 30% down payment followed by 70% during construction.,INCLUDED,ok,high
prestigeone|sanctuaryhive,Sanctuary Hive,developer site text,data/dev_meta/prestigeone_portfolio.json,Sanctuary Hive faq[4].a,"The 65/35 payment plan begins with 20% on booking, followed by 45% across construction milestones and 35% on completion.",INCLUDED,ok,high
prestigeone|sanctuary,Sanctuary Residences,developer site text,data/dev_meta/prestigeone_portfolio.json,Sanctuary Residences faq[4].a,"The 65/35 payment plan begins with 20% on booking, followed by 45% across construction milestones and 35% on completion.",INCLUDED,ok,high
prestigeone|seaside,Seaside,developer site text,data/dev_meta/prestigeone_portfolio.json,Seaside faq[4].a,"The payment plan comprises a 20% down payment, 5% quarterly installments and 35% at handover.",INCLUDED,ok (derived remainder),medium
prestigeone|boulevard,The Boulevard,developer site text,data/dev_meta/prestigeone_portfolio.json,The Boulevard faq[3].a,The payment plan is structured as 65% in total installments and 35% upon handover.,INCLUDED,ok,high
prestigeone|1,The One,developer site text,data/dev_meta/prestigeone_portfolio.json,The One faq[4].a,"The payment plan comprises 20% on booking, 45% during construction and 35% post-handover.",INCLUDED,ok,high
prestigeone|vista,Vista,developer site text,data/dev_meta/prestigeone_portfolio.json,Vista faq[4].a,"The launch-sheet payment plan comprises 10% at booking, a further 55% across scheduled construction installments and 35% upon handover.",INCLUDED,ok,high
prestigeone|waterway,The Waterway,developer site text,data/dev_meta/prestigeone_portfolio.json,The Waterway faq[4].a,"The 65/35 payment plan begins with 20% on booking, followed by 45% during construction and 35% on completion.",INCLUDED,ok,high
select|nautica,Nautica,developer site label,data/dev_meta/select_portfolio.json,Nautica facts.payment_plans[0],40/60,LABEL_ONLY,printed code; the meaning of each figure is not stated,
select|6sensespalm,"Six Senses Residences The Palm, Dubai",developer site label,data/dev_meta/select_portfolio.json,"Six Senses Residences The Palm, Dubai facts.payment_plans[0]",40/60,LABEL_ONLY,printed code; the meaning of each figure is not stated,
select|edge,The EDGE,developer site label,data/dev_meta/select_portfolio.json,The EDGE facts.payment_plans[0],40/60,LABEL_ONLY,printed code; the meaning of each figure is not stated,
sobha|capeside,Capeside,developer site label,data/dev_meta/sobha_portfolio.json,Capeside facts.payment_plans[0],60/40,LABEL_ONLY,printed code; the meaning of each figure is not stated,
arada|anantarasharjah,Anantara Sharjah Residences,developer sheet,data/avail/arada_2026-09-22.json,projects[9].plan,5/5/5/5/5/75,LABEL_ONLY,printed code; the meaning of each figure is not stated,
arada|inauradowntown,Inaura Hotels & Residences,developer sheet,data/avail/arada_2026-09-22.json,projects[0].plan,10/10/5/5/5/5/60,LABEL_ONLY,printed code; the meaning of each figure is not stated,
arada|saro,Saro,developer sheet,data/avail/arada_2026-09-22.json,projects[1].plan,20/80,LABEL_ONLY,printed code; the meaning of each figure is not stated,
arada|akalahotelsand,Akala Hotels And Residences,developer sheet,data/avail/arada_2026-09-22.json,projects[2].plan,10/10/5/5/5/5/60,LABEL_ONLY,printed code; the meaning of each figure is not stated,
arada|watharbour,W Residences At Dubai Harbour,developer sheet,data/avail/arada_2026-09-22.json,projects[3].plan,10/10/5/5/5/5/60,LABEL_ONLY,printed code; the meaning of each figure is not stated,
arada|centralbusinessdistrict,Central Business District,developer sheet,data/avail/arada_2026-09-22.json,projects[10].plan,5/5/5/5/5/5/70,LABEL_ONLY,printed code; the meaning of each figure is not stated,
arada|naseejdistrict,Naseej District,developer sheet,data/avail/arada_2026-09-22.json,projects[11].plan,5/5/5/5/5/5/70,LABEL_ONLY,printed code; the meaning of each figure is not stated,
arada|jenna,Jenna,developer sheet,data/avail/arada_2026-09-22.json,projects[12].plan,5/5/5/5/5/5/70,LABEL_ONLY,printed code; the meaning of each figure is not stated,
arada|nesba,Nesba,developer sheet,data/avail/arada_2026-09-22.json,projects[13].plan,5/5/5/5/5/5/70,LABEL_ONLY,printed code; the meaning of each figure is not stated,
arada|safa,Safa,developer sheet,data/avail/arada_2026-09-22.json,projects[14].plan,5/5/5/5/5/5/70,LABEL_ONLY,printed code; the meaning of each figure is not stated,
arada|gate,The Gate,developer sheet,data/avail/arada_2026-09-22.json,projects[15].plan,5/5/5/5/5/5/70,LABEL_ONLY,printed code; the meaning of each figure is not stated,
arada|melianarenjcoralanber,Melia / Narenj / Coral / Anber,developer sheet,data/avail/arada_2026-09-22.json,projects[8].plan,5/5/5/5/5/5/70,LABEL_ONLY,printed code; the meaning of each figure is not stated,
arada|lareendana,Lareen / Dana,developer sheet,data/avail/arada_2026-09-22.json,projects[4].plan,5/5/5/5/5/5/5/65,LABEL_ONLY,printed code; the meaning of each figure is not stated,
arada|laura,Laura,developer sheet,data/avail/arada_2026-09-22.json,projects[5].plan,5/5/5/5/5/5/5/65,LABEL_ONLY,printed code; the meaning of each figure is not stated,
arada|layan,Layan,developer sheet,data/avail/arada_2026-09-22.json,projects[6].plan,5/5/5/5/5/5/5/65,LABEL_ONLY,printed code; the meaning of each figure is not stated,
arada|sedra,Sedra,developer sheet,data/avail/arada_2026-09-22.json,projects[7].plan,5/5/5/5/5/5/5/65,LABEL_ONLY,printed code; the meaning of each figure is not stated,
imtiaz|symphony,Imtiaz Symphony Tower,developer sheet,data/avail/imtiaz_2026-09-14.json,projects[1].plan,60/40,LABEL_ONLY,printed code; the meaning of each figure is not stated,
imtiaz|wynwoodhorizon,Wynwood Horizon by Imtiaz,developer sheet,data/avail/imtiaz_2026-09-14.json,projects[0].plan,60/40,LABEL_ONLY,printed code; the meaning of each figure is not stated,
imtiaz|seacliff,Seacliff by Imtiaz,developer sheet,data/avail/imtiaz_2026-09-14.json,projects[2].plan,50/50,LABEL_ONLY,printed code; the meaning of each figure is not stated,
imtiaz|sunsetbaygrand,Sunset Bay Grand BY Imtiaz,developer sheet,data/avail/imtiaz_2026-09-14.json,projects[3].plan,60/40,LABEL_ONLY,printed code; the meaning of each figure is not stated,
imtiaz|coveedition2,Cove Edition Residence 2 By Imtiaz,developer sheet,data/avail/imtiaz_2026-09-14.json,projects[5].plan,60/40,LABEL_ONLY,printed code; the meaning of each figure is not stated,
imtiaz|coveboulevard,Cove Boulevard By Imtiaz,developer sheet,data/avail/imtiaz_2026-09-14.json,projects[6].plan,60/40,LABEL_ONLY,printed code; the meaning of each figure is not stated,
imtiaz|wynwood,Wynwood by Imtiaz,developer sheet,data/avail/imtiaz_2026-09-14.json,projects[4].plan,60/40,LABEL_ONLY,printed code; the meaning of each figure is not stated,
imtiaz|archive,The Archive,developer sheet,data/avail/imtiaz_2026-09-12.json,projects[0].plan,50/50,LABEL_ONLY,printed code; the meaning of each figure is not stated,
imtiaz|kore,KORE by Imtiaz,developer brochure,docs/kore/KORE_PRODUCT_DATA_SHEET.json,brochure p08 / 50/50,"[[""1st instalment: booking"", 20], [""2nd instalment"", 5], [""3rd instalment"", 5], [""4th instalment"", 5], [""5th instalment"", 5], [""6th instalment"", 5], [""7th instalment"", 5], [""On completion"", 50]]",INCLUDED,every row labelled in the brochure; total 100,high
imtiaz|kore,KORE by Imtiaz,developer brochure,docs/kore/KORE_PRODUCT_DATA_SHEET.json,brochure p08 / 60/40 post-handover,"[[""1st instalment: booking"", 20], [""2nd instalment"", 5], [""3rd instalment"", 10], [""4th instalment"", 5], [""5th instalment"", 10], [""6th instalment"", 5], [""On completion"", 5], [""Post handover: 12 quarterly instalments over ",INCLUDED,every row labelled in the brochure; total 100,high
arada|inauradowntown,Inaura Downtown,developer site vs sheet,data/dev_meta/arada_portfolio.json,Inaura Downtown / description,"site: [(10.0, 40.0, 50.0, 0)] / sheet labels: 10/10/5/5/5/5/60",EXCLUDED,the web page and the newer developer sheet disagree on the last payment; neither is offered as a structure,
